0xd6717a7b5eca34c4a34071911335047b7f1499be,1
0xcc375832755100aafb41a16ef4a205bc55901f3f,2
0x632941962caa8754dd9626bf9efb2cfec7e6a07b,2
0xe7cb635df35b124f63ffb396df46f6ee8944ef82,2
0x01a2a163f89b299dcc85362a75ecc97fbd4b12dc,3
0x4f00f69a77cf9af47e73d6dd4c5e0a6a02b8bcf2,3
0x22fef603899d0b28c504826732ba9e0b9128430a,4
0x959f61b2a79b72fcc476b3859de920c9244f684b,5
0x101f3b6a409ba6e0885d96e6766e361405070adb,5
0x062d2ef6df8969c6c8c5469ad32bc689ad830bb0,8
0xee4e89af518f8bc6252c70c8d916f63b560f1013,20
0x062d2ef6df8969c6c8c5469ad32bc689ad830bb0,8
0xd6717a7b5eca34c4a34071911335047b7f1499be,1
0xcc375832755100aafb41a16ef4a205bc55901f3f,2
0x632941962caa8754dd9626bf9efb2cfec7e6a07b,2
0xe7cb635df35b124f63ffb396df46f6ee8944ef82,2
0x01a2a163f89b299dcc85362a75ecc97fbd4b12dc,3
0x4f00f69a77cf9af47e73d6dd4c5e0a6a02b8bcf2,3
0x22fef603899d0b28c504826732ba9e0b9128430a,4
0x959f61b2a79b72fcc476b3859de920c9244f684b,5
0x101f3b6a409ba6e0885d96e6766e361405070adb,5
0x062d2ef6df8969c6c8c5469ad32bc689ad830bb0,8
0xee4e89af518f8bc6252c70c8d916f63b560f1013,20
0x062d2ef6df8969c6c8c5469ad32bc689ad830bb0,8
0xd6717a7b5eca34c4a34071911335047b7f1499be,1
0xcc375832755100aafb41a16ef4a205bc55901f3f,2
0x632941962caa8754dd9626bf9efb2cfec7e6a07b,2
0xe7cb635df35b124f63ffb396df46f6ee8944ef82,2
0x01a2a163f89b299dcc85362a75ecc97fbd4b12dc,3
0x4f00f69a77cf9af47e73d6dd4c5e0a6a02b8bcf2,3
0x22fef603899d0b28c504826732ba9e0b9128430a,4
0x959f61b2a79b72fcc476b3859de920c9244f684b,5
0x101f3b6a409ba6e0885d96e6766e361405070adb,5
0x062d2ef6df8969c6c8c5469ad32bc689ad830bb0,8
0xee4e89af518f8bc6252c70c8d916f63b560f1013,20
0x062d2ef6df8969c6c8c5469ad32bc689ad830bb0,8
0xd6717a7b5eca34c4a34071911335047b7f1499be,1
0xcc375832755100aafb41a16ef4a205bc55901f3f,2
0x632941962caa8754dd9626bf9efb2cfec7e6a07b,2
0xe7cb635df35b124f63ffb396df46f6ee8944ef82,2
0x01a2a163f89b299dcc85362a75ecc97fbd4b12dc,3
0x4f00f69a77cf9af47e73d6dd4c5e0a6a02b8bcf2,3
0x22fef603899d0b28c504826732ba9e0b9128430a,4
0x959f61b2a79b72fcc476b3859de920c9244f684b,5
0x101f3b6a409ba6e0885d96e6766e361405070adb,5
0x062d2ef6df8969c6c8c5469ad32bc689ad830bb0,8
0xee4e89af518f8bc6252c70c8d916f63b560f1013,20
0x062d2ef6df8969c6c8c5469ad32bc689ad830bb0,8
0xd6717a7b5eca34c4a34071911335047b7f1499be,1
0xcc375832755100aafb41a16ef4a205bc55901f3f,2
0x632941962caa8754dd9626bf9efb2cfec7e6a07b,2
0xe7cb635df35b124f63ffb396df46f6ee8944ef82,2
0x01a2a163f89b299dcc85362a75ecc97fbd4b12dc,3
0x4f00f69a77cf9af47e73d6dd4c5e0a6a02b8bcf2,3
0x22fef603899d0b28c504826732ba9e0b9128430a,4
0x959f61b2a79b72fcc476b3859de920c9244f684b,5
0x101f3b6a409ba6e0885d96e6766e361405070adb,5
0x062d2ef6df8969c6c8c5469ad32bc689ad830bb0,8
0xee4e89af518f8bc6252c70c8d916f63b560f1013,20
0x062d2ef6df8969c6c8c5469ad32bc689ad830bb0,8
0xd6717a7b5eca34c4a34071911335047b7f1499be,1
0xcc375832755100aafb41a16ef4a205bc55901f3f,2
0x632941962caa8754dd9626bf9efb2cfec7e6a07b,2
0xe7cb635df35b124f63ffb396df46f6ee8944ef82,2
0x01a2a163f89b299dcc85362a75ecc97fbd4b12dc,3
0x4f00f69a77cf9af47e73d6dd4c5e0a6a02b8bcf2,3
0x22fef603899d0b28c504826732ba9e0b9128430a,4
0x959f61b2a79b72fcc476b3859de920c9244f684b,5
0x101f3b6a409ba6e0885d96e6766e361405070adb,5
0x062d2ef6df8969c6c8c5469ad32bc689ad830bb0,8
0xee4e89af518f8bc6252c70c8d916f63b560f1013,20
0x062d2ef6df8969c6c8c5469ad32bc689ad830bb0,8
0xd6717a7b5eca34c4a34071911335047b7f1499be,1
0xcc375832755100aafb41a16ef4a205bc55901f3f,2
0x632941962caa8754dd9626bf9efb2cfec7e6a07b,2
0xe7cb635df35b124f63ffb396df46f6ee8944ef82,2
0x01a2a163f89b299dcc85362a75ecc97fbd4b12dc,3
0x4f00f69a77cf9af47e73d6dd4c5e0a6a02b8bcf2,3
0x22fef603899d0b28c504826732ba9e0b9128430a,4
0x959f61b2a79b72fcc476b3859de920c9244f684b,5
0x101f3b6a409ba6e0885d96e6766e361405070adb,5
0x062d2ef6df8969c6c8c5469ad32bc689ad830bb0,8
0xee4e89af518f8bc6252c70c8d916f63b560f1013,20
0x062d2ef6df8969c6c8c5469ad32bc689ad830bb0,8
0xd6717a7b5eca34c4a34071911335047b7f1499be,1
0xcc375832755100aafb41a16ef4a205bc55901f3f,2
0x632941962caa8754dd9626bf9efb2cfec7e6a07b,2
0xe7cb635df35b124f63ffb396df46f6ee8944ef82,2
0x01a2a163f89b299dcc85362a75ecc97fbd4b12dc,3
0x4f00f69a77cf9af47e73d6dd4c5e0a6a02b8bcf2,3
0x22fef603899d0b28c504826732ba9e0b9128430a,4
0x959f61b2a79b72fcc476b3859de920c9244f684b,5
0x101f3b6a409ba6e0885d96e6766e361405070adb,5
0x062d2ef6df8969c6c8c5469ad32bc689ad830bb0,8
0xee4e89af518f8bc6252c70c8d916f63b560f1013,20
0x062d2ef6df8969c6c8c5469ad32bc689ad830bb0,8
0xd6717a7b5eca34c4a34071911335047b7f1499be,1
0xcc375832755100aafb41a16ef4a205bc55901f3f,2
0x632941962caa8754dd9626bf9efb2cfec7e6a07b,2
0xe7cb635df35b124f63ffb396df46f6ee8944ef82,2
0x01a2a163f89b299dcc85362a75ecc97fbd4b12dc,3
0x4f00f69a77cf9af47e73d6dd4c5e0a6a02b8bcf2,3
0x22fef603899d0b28c504826732ba9e0b9128430a,4
0x959f61b2a79b72fcc476b3859de920c9244f684b,5
0x101f3b6a409ba6e0885d96e6766e361405070adb,5
0x062d2ef6df8969c6c8c5469ad32bc689ad830bb0,8
0xee4e89af518f8bc6252c70c8d916f63b560f1013,20
0x062d2ef6df8969c6c8c5469ad32bc689ad830bb0,8
0xd6717a7b5eca34c4a34071911335047b7f1499be,1
0xcc375832755100aafb41a16ef4a205bc55901f3f,2
0x632941962caa8754dd9626bf9efb2cfec7e6a07b,2
0xe7cb635df35b124f63ffb396df46f6ee8944ef82,2
0x01a2a163f89b299dcc85362a75ecc97fbd4b12dc,3
0x4f00f69a77cf9af47e73d6dd4c5e0a6a02b8bcf2,3
0x22fef603899d0b28c504826732ba9e0b9128430a,4
0x959f61b2a79b72fcc476b3859de920c9244f684b,5
0x101f3b6a409ba6e0885d96e6766e361405070adb,5
0x062d2ef6df8969c6c8c5469ad32bc689ad830bb0,8
0xee4e89af518f8bc6252c70c8d916f63b560f1013,20
0x062d2ef6df8969c6c8c5469ad32bc689ad830bb0,8
0xd6717a7b5eca34c4a34071911335047b7f1499be,1
0xcc375832755100aafb41a16ef4a205bc55901f3f,2
0x632941962caa8754dd9626bf9efb2cfec7e6a07b,2
0xe7cb635df35b124f63ffb396df46f6ee8944ef82,2
0x01a2a163f89b299dcc85362a75ecc97fbd4b12dc,3
0x4f00f69a77cf9af47e73d6dd4c5e0a6a02b8bcf2,3
0x22fef603899d0b28c504826732ba9e0b9128430a,4
0x959f61b2a79b72fcc476b3859de920c9244f684b,5
0x101f3b6a409ba6e0885d96e6766e361405070adb,5
0x062d2ef6df8969c6c8c5469ad32bc689ad830bb0,8
0xee4e89af518f8bc6252c70c8d916f63b560f1013,20
0x062d2ef6df8969c6c8c5469ad32bc689ad830bb0,8
0xd6717a7b5eca34c4a34071911335047b7f1499be,1
0xcc375832755100aafb41a16ef4a205bc55901f3f,2
0x632941962caa8754dd9626bf9efb2cfec7e6a07b,2
0xe7cb635df35b124f63ffb396df46f6ee8944ef82,2
0x01a2a163f89b299dcc85362a75ecc97fbd4b12dc,3
0x4f00f69a77cf9af47e73d6dd4c5e0a6a02b8bcf2,3
0x22fef603899d0b28c504826732ba9e0b9128430a,4
0x959f61b2a79b72fcc476b3859de920c9244f684b,5
0x101f3b6a409ba6e0885d96e6766e361405070adb,5
0x062d2ef6df8969c6c8c5469ad32bc689ad830bb0,8
0xee4e89af518f8bc6252c70c8d916f63b560f1013,20
0x062d2ef6df8969c6c8c5469ad32bc689ad830bb0,8
0xd6717a7b5eca34c4a34071911335047b7f1499be,1
0xcc375832755100aafb41a16ef4a205bc55901f3f,2
0x632941962caa8754dd9626bf9efb2cfec7e6a07b,2
0xe7cb635df35b124f63ffb396df46f6ee8944ef82,2
0x01a2a163f89b299dcc85362a75ecc97fbd4b12dc,3
0x4f00f69a77cf9af47e73d6dd4c5e0a6a02b8bcf2,3
0x22fef603899d0b28c504826732ba9e0b9128430a,4
0x959f61b2a79b72fcc476b3859de920c9244f684b,5
0x101f3b6a409ba6e0885d96e6766e361405070adb,5
0x062d2ef6df8969c6c8c5469ad32bc689ad830bb0,8
0xee4e89af518f8bc6252c70c8d916f63b560f1013,20
0x062d2ef6df8969c6c8c5469ad32bc689ad830bb0,8
0xd6717a7b5eca34c4a34071911335047b7f1499be,1
0xcc375832755100aafb41a16ef4a205bc55901f3f,2
0x632941962caa8754dd9626bf9efb2cfec7e6a07b,2
0xe7cb635df35b124f63ffb396df46f6ee8944ef82,2
0x01a2a163f89b299dcc85362a75ecc97fbd4b12dc,3
0x4f00f69a77cf9af47e73d6dd4c5e0a6a02b8bcf2,3
0x22fef603899d0b28c504826732ba9e0b9128430a,4
0x959f61b2a79b72fcc476b3859de920c9244f684b,5
0x101f3b6a409ba6e0885d96e6766e361405070adb,5
0x062d2ef6df8969c6c8c5469ad32bc689ad830bb0,8
0xee4e89af518f8bc6252c70c8d916f63b560f1013,20
0x062d2ef6df8969c6c8c5469ad32bc689ad830bb0,8
0xd6717a7b5eca34c4a34071911335047b7f1499be,1
0xcc375832755100aafb41a16ef4a205bc55901f3f,2
0x632941962caa8754dd9626bf9efb2cfec7e6a07b,2
0xe7cb635df35b124f63ffb396df46f6ee8944ef82,2
0x01a2a163f89b299dcc85362a75ecc97fbd4b12dc,3
0x4f00f69a77cf9af47e73d6dd4c5e0a6a02b8bcf2,3
0x22fef603899d0b28c504826732ba9e0b9128430a,4
0x959f61b2a79b72fcc476b3859de920c9244f684b,5
0x101f3b6a409ba6e0885d96e6766e361405070adb,5
0x062d2ef6df8969c6c8c5469ad32bc689ad830bb0,8
0xee4e89af518f8bc6252c70c8d916f63b560f1013,20
0x062d2ef6df8969c6c8c5469ad32bc689ad830bb0,8
0xd6717a7b5eca34c4a34071911335047b7f1499be,1
0xcc375832755100aafb41a16ef4a205bc55901f3f,2
0x632941962caa8754dd9626bf9efb2cfec7e6a07b,2
0xe7cb635df35b124f63ffb396df46f6ee8944ef82,2
0x01a2a163f89b299dcc85362a75ecc97fbd4b12dc,3
0x4f00f69a77cf9af47e73d6dd4c5e0a6a02b8bcf2,3
0x22fef603899d0b28c504826732ba9e0b9128430a,4
0x959f61b2a79b72fcc476b3859de920c9244f684b,5
0x101f3b6a409ba6e0885d96e6766e361405070adb,5
0x062d2ef6df8969c6c8c5469ad32bc689ad830bb0,8
0xee4e89af518f8bc6252c70c8d916f63b560f1013,20
0x062d2ef6df8969c6c8c5469ad32bc689ad830bb0,8
0xd6717a7b5eca34c4a34071911335047b7f1499be,1
0xcc375832755100aafb41a16ef4a205bc55901f3f,2
0x632941962caa8754dd9626bf9efb2cfec7e6a07b,2
0xe7cb635df35b124f63ffb396df46f6ee8944ef82,2
0x01a2a163f89b299dcc85362a75ecc97fbd4b12dc,3
0x4f00f69a77cf9af47e73d6dd4c5e0a6a02b8bcf2,3
0x22fef603899d0b28c504826732ba9e0b9128430a,4
0x959f61b2a79b72fcc476b3859de920c9244f684b,5
0x8d467989c9a60893e68b8E890F47c08191977A05,5
0xC750F5CE4c2c15b613BEecDff72DEB1f153Cd351,5
0x7C2e2118A509ba168aDC369898605b0417f4F340,5
0xF3b52a0914098785810CDd83E2DD181449615F14,5
0xE1F5cf7D845AEe58310F4107D995C429D0DDCAf9,5
0xF4e7D483E40599c2073B41bCfB12159DD8702AFd,5
0xa46e6192424bed9f54a4798af87623aC53E4800B,5
0xbBeC8064811C0798D6F27eac712ea8eD09bf3308,5
0x7CbFAAFCC4eBfe9E2D32B7BD5c3c3E84e10109D2,5
0xb536d2Ea084AC8BcbD47d5139F6F15035c777249,5
0x1eB329554049fcBa6661f74b72249D470eBf9157,5
0x48ddE50eC63C3e239DE7Ce28300dF9DE7e2F26DB,5
0xf73919642B862B985757be5FB4E71B1e3cc880e4,5
0x71126725bb9235FAA29cB7060C436A691a2eb8c8,5
0xa82B2C014cEb5D8e36c27547D91663F22F253097,5
0x36CFBb8A4B429b44bB00b478afd1d0BD8A1F3876,5
0x135EEa30A089e7293d96daf69B993c2d10611f9D,5
0x627bAC2029d9258c9B03f3D980b7b39163c7cB0B,5
0x2C1320478e4024208d9Cd3Aef0EC076Bf90afF9f,5
0x8CB20e776E39809f4580788c76835e94990F6de6,5
0x45150fc896Be77795d7870fA3598161b95fc30bb,5
0x3683c48e4BE058Fa44CCf16D88607897624bEe7f,5
0x64c513f596f5F369dCe3B597400B8199531B4385,5
0x13Daba6220e4804745F6473C8B53eeB57EE6C8C3,5
0x3A8a3e2F08e663c0bc2B3245C8CF2Ce508B5973d,5
0x70Bdf537D662d40431d72ecFC9Ce2a87A1Df558D,5
0xFe1f5dd9460e17fd9b92dfFFcb226F5dEB883289,5
0x3d8B3AF9D35Da53083eB802959Fc8857DF0693CA,5
0xd00a8D3D37ea1526fa443247Bc1d47bdEf760421,5
0x72FAa798F004e3A5B290FAA7fAc80F6b3E1B0bB4,5
0x91f81B760F96a21D770FE57F420E01B5b3D217aC,5
0xe6c1f5B8D09B37429520867F4375fEfB683e4f93,5
0xd242d437B3f662da0CA8B2a0187aCB7794feA90C,5
0xF263FE5Bf95FB6769e3f1c16c8ec2E6d6A1e0C65,5
0x5792D9B6106B04378D51187749EA62c40BaB1A7b,5
0xC33AcDfa7796CBA258591b9f95C19a5ca0B71114,5
0xf3dB1486Df8863Ac71f5EaFfb3BC535835fd8A40,5
0xFBc4fa902cE89F3058C7e6AbDd20d26055DA0E46,5
0xc55057fD8Df2a8aa3bf6cB335D874430692f8525,5
0x849101D6Bdb0a526Fb3394E07C1dEA834A94C3d4,5
0x9dA9F0eaEA36Ac35880fe1e3DFE0A78cB90b68D2,5
0x9e61F14ea70d39AB89E14E141fdED6F30ccE906D,5
0xd12b626214b0f268165A85382317c12AC32aEa96,5
0x341F92DbeBd98982D10ABbd29B42CbB9aAEb6498,5
0x0b79B04b21268E477D7B2a241FF52649e58DA13E,5
0x14Bb13a8F88879A4372b3308EDbdFcA2d98355D5,5
0x4c7B5e2C405eECA8cC47B780C90Fe45efc4947d7,5
0xe01D78f51A09A70bD3f3355689eC98Ef3a9fe095,5
0xAc9EF7db43e7F422854Ef7419367Fa56B857f706,5
0x817d6DfC068ab87458C04E737d4AA29C7DbE9B79,5
0x3691225d9863476964bB6696986d78C70d2EC063,5
0x78A4FecF5A1e6b6C6BB5dab8B805966dfBBD0770,5
0x938cdC33EcB5228d8c2AD3Bb116CEd8f432D2aE2,5
0xFc35B0490Ca5939b39907ddC3F02C7eE5C507E54,5
0xf20203e0999E8df08882f6830454907Ed60Be308,5
0x9c85ceA944D9043F8cB9d79aeF07fc11A637aBcb,5
0x4Df07277F5a13167288d3b9A563e2355119C615a,5
0x48d1771A789Dc30E6eD00dc50788a97cE005C26a,5
0x76b7E94Ddd46EEa6ad9E069a5D15Ab010Fc08867,5
0x4155Dde16819D0DCaCb2ab25e60D11730819f880,5
0x5469499FdAdC75770376F692bE7C3D655d97FCCb,5
0x4592F9F3988222E7c4eFf9C1305496C4Cd0dCB28,5
0xF478a5E5c533E6ECf994577a304aEF2f591B1d4A,5
0xF1f85f52e6A09171Ad75fFC21574B48ae00da042,5
0x1eDd3fe7dc88F279D522a1185Ccff1245b8c65A3,5
0xBB8db9B3c7776d8896EaEA3607f319d8f9c3d24C,5
0x58065FFb532F6dBa7c2fD5962Ea704601931B3A2,5
0xD9e1B2CBD7e9DdC853A4aEB3d4BBF7c534B772D4,5
0x9673348348ba5a9117B2407122067602a4d27fd4,5
0xb83e048fbdDb1429fda6C9057DfE9fD83B2F70A5,5
0x2323634A06cC2594a9C91EDaA61215c47a90f85C,5
0xAAeeC9aa5C74554977A1689242F4dcE4A3dB5638,5
0x117eF31b1a8013D1B55E0f099E03759d4c12A170,5
0x29EdE7Ecd89b4daB3Ccb9bEf9Ab2cD8989De2C18,5
0x483674A4C872ae155FD3Ee3D634CC820cF7e17F3,5
0x636C704974946374D0671Ccf9766ADaeD07D0084,5
0x098485092C2b88F19A8a83e02E7FCF2eE8dD717b,5
0x5D6ad238794757e087266801090e648375b53B39,5
0x710cecCE32de9f6239D8A8b3C60796115d1Db2E4,5
0x8dd33e13BcA579A17c6e5850BE59582b1cD9b1B9,5
0x56d6e8E5dD439d1367F559324441fd81f66994C7,5
0x13DE09ABFF6ccE39bb4499727CCDeF9499C16F80,5
0x90198B9110FD771FeE02bdf0cfBfBEE73cEf1FF8,5
0x36D0F408bA2612667e9a68CB085c105589178B90,5
0xE259000C54f322554F3145dcb566b181519b3f60,5
0xe0bBc5c2b135120f6DBCAa63017d588859a5248c,5
0x18E6B40D8f034b8979FE05Bcca25334AdD45c0B4,5
0x34Fe88242C6cA229D77c2106D95E0018E1A6377c,5
0x7B2a016E59B182b0999357eAfEe160293Ad535EB,5
0x6aca391686beA1640788F294b785e5713d122040,5
0x61286c06d13f3AdB4343EC997fe0630b4ef606B4,5
0x48fd9558ae1e34ECDA65A53D7cd5Cc5a86acdE47,5
0x8C48F7Bc2FA3F952Dd34CB10F207fc2C3434f5cB,5
0xE971e3474c2C5bB56614A6Ac82Ed5233403dE173,5
0x2C08A099Ab3Fd14E53FB9E4761fF6D49F443C940,5
0x6Cf1d8728D190E2D629871885Dc89766BCAd5003,5
0x0892Bc0e699e3E3Dc9f822D1948D1B3109c593b2,5
0x84cfe59b2F7f792eB5bb1D8f03a2501327D2220B,5
0x6F15607aACB5a389e6e627c980e35674430a06d2,5
0x6FcE4F50b79D95E7CD1721cf20c404daA39695BA,5
0xF825BB94D6487c7cc5cb5B83013aF771c7e8bB36,5
0xdCD2d6fA31c0246EDA178702d17ad9AEA6F1238d,5
0xa77959D716C5Bef63640aef412A1fbAbB1034EFD,5
0xf3fF5cA053058b63ac575A40d22590d0fFB3Af6F,5
0xaf53f6abEB96BEf9Ac3C15b1564F8351C4054c78,5
0xb057EAdA9ad5dAFA6ce38CBa01779E16BC51bE3f,5
0x564aDF9425e712efA8CDDE6543eE97E6c9ECddca,5
0x73287E88AECC086B00dA775F9607d0133cF2f23B,5
0x9719ccC44B3feB0F1B633d2df2758fcFfBE34ECc,5
0x39997bAB488ce5bb41dDF57CDA7E307Fda685f8d,5
0x42A970E17C31976B96015602Fd9B7B3802422636,5
0xB84F965c54BD7B90A473Eea71ecC95d0D5dA40b4,5
0x6D3dcCa481DCd5Edd3C90315cB8c0e928dB131FA,5
0x08Ec9770C9c7282d095b2c77E5d24788863c1D96,5
0x5d4A731B6984cbfd4Ec42f3FcfBF519151F5aa38,5
0x38113AC5208380D6b650229506a771578662bA37,5
0xb638d6BB83EA630FD4aF2A3fD178e8BbAA4a28c4,5
0xABabbbdc15a73b75142505C279476870CCE6049d,5
0xdC80d470f48F1997D6ba75e2A442b5A2D271cDf4,5
0x014893d5FFd4A1DDD67a1B6c6D40d266d9980ca4,5
0xaB28F517663A27B6E54d595295290001D9ED4b37,5
0xDFDe0e21E387392839767436feAB09deaF6874A2,5
0x651B5E8991881c5f163A5EDb9bBa0205f944eCd0,5
0x051f635A66b897D073F06bB6797CfB051Cd61994,5
0xA3F74FA513B75cECAc6af2A008F7f9928D2eFeB6,5
0x6CF46eA21c632b2535BBB2B0115e0a2dfdaec2fD,5
0xDddFd958E87558f43b6BB74157a8389BA2A982Bf,5
0xD1FBc419F1811d69E561E8Af8b6a5b538Fc8247C,5
0x528cD70Df2b45c0932d669F4894aE3C132Eeb76C,5
0x1CbbFdB99E630F0cb7fFa5ebD2f0D4ED235d56A3,5
0x622730D96b5B5AFB23e5c5a7d525007fDa458B5E,5
0xdD6e1910e16cdd14081FaECF1E64aC2D580f78Dd,5
0x6a534C8eE6180FD6cEf77e6f3bA37a5E6d99537b,5
0x43A02D177757E00F4fe83922288c5bb9Ad1B9fb8,5
0x7ed93Bc1a412C0123435989b5250C74EAa2AF802,5
0x2a4773d0386fe0BCa74b7a5615Cfb07A85Fcc9bc,5
0x2D2cA3Be7aC6dd5F2E7DBb439315F3b99eB3efa7,5
0xfd6591050990d7A9B40dFBbE90A66e8DEe4eA1B8,5
0xCdA334F5e893901D0d1F492FeFAD4a06ccEcc4Db,5
0xce8b8F796fC9beB042c0CEcF9036a55E71DBEDe8,5
0xc93CfE4d14A06B0E7A6a993e02F2EA4a026b0288,5
0x943874CD5F82C7D9Ce96A037d29fF817C7E78662,5
0xD7157eE5e05F615e6009fF7cA066bfa5617645b7,5
0x016F8036E4fDD1cEd6550547A033b57FB81548CB,5
0x15090B94DA9a2F8275881e26396Bb7103ACd7ec5,5
0x747422bFc4927FE58172506250A93Bd34C6B858D,5
0x74649CB655F8c2147A64148b0dc60D01D4c3df9C,5
0xb5C265ac6fa2859De68E36822CF6B13E2D056f31,5
0x526b1770EAbAa989FB64DBd32e884f259E0ad701,5
0xd8635aD1CFfe1F5f5709cfA61bDDf6a219CFeA44,5
0x460f4D71b3137fd24F2dd967841172524712E5b7,5
0xCEF070521f8Bf37a437B57F8A94cD72C2CB3a34F,5
0x8463068dbefAbfaFb4c5d8F4052D201154F96086,5
0x93a095B6a17A635d5cb717311210F391893eCe83,5
0xf1B8cc4B83288a908f3f9E8F391d07B46C2b6bE1,5
0xBD4fDEB68E63A29f41e145650612D753F795607A,5
0xF110167eF978eb443cbF08c0dfF484DB278010AE,5
0x3fb78cFC99c3c432C7A934B546bde7AEDe85706d,5
0xcC3706562D66969265AAA9b771708946cf9b7850,5
0x6943E0c7796B17eA3F6A6fa0bd012e03E0Ca4632,5
0xD35C1a0475A77b62acc2c566E334d5d8d1e9C7F6,5
0x542833ecc15e60A3Cab561d6f0E427aF5A1687Ba,5
0x12EF0a51d4a248F350499aF6dd94aA8924c53E1F,5
0xBc197891a0866cC76f99dE319851Af18896db17F,5
0x8A228B41B6055bD09B5c322e49B720Bb4eC66894,5
0xEe6F41BDEF439b93c487BC50B012d8cA455bd7e3,5
0x6E5FBf6d66299B44607c714De115c26A2B3975Ef,5
0x1A8687afE5b1f71A366dD734514692f5D99CB903,5
0x3F3170b887F402B0619A2fB54F9bB76F3A86F38C,5
0xD0A36b8B25f37e3D673323F6cdC99f5D066e442a,5
0x89d49cC49192550701e515aD9Fb4C592c62570A5,5
0xBa5Bf273fE213aFc07f7B16Cb18857E63E6F23F0,5
0xA5d620dF263C0d1E2A5d74e783b30c461e3707a2,5
0x8CBcd693884820ab35f3a2a9ef79B15Bdfd6f741,5
0xEA76e07127D3624EfFf6448663dC24c877f416c9,5
0x912d69E738Fcefc1770FE91d1a5d0945f708328b,5
0x12d9E040414510258ea6b75415fef3886594d0F3,5
0xF1C479c1CE6b66A8837892954fE959fc9744D15c,5
0xA8ff2549746947f1552853CF690FD0CDf13EE775,5
0x8f57dC68c8e51D051dF7275C0022FD48caB41a9f,5
0x99B965EBD599450F37e1aAA83AEeA75EF5F8d4C6,5
0xD220D92680Ef015726f61F9BA1fc5365f0CceE38,5
0xb73e02C0653E12De73eA8A3C4c85d4EFaf5088A0,5
0x61CF641F92089348d20D37f7072270ae1d930e64,5
0x0e414C7180508e41C505afDA6CC1742474030728,5
0x7926229B46D5eF4bd30c78Bff2ed6C7E8c1371df,5
0xf42c683c1A3abEC7FFB669A902b93385c7cF7Fe2,5
0xD2d57314982fB61047e9aD0A32B7BdE8a09f0B9B,5
0x23Fe0B278aFbe623895BAf789d48024A6D2bC083,5
0x12b551147bcD33d8Bf456dE2c44113ce27C642B8,5
0x0DF36ef2B64A54D8543483036F9aF60C50b61676,5
0x46D0ea5A6c59056F6C68E05D217627102Cea3A81,5
0x69657d238540b9CF0fF0e56D7B74221e3689f3bf,5
0x2E34ed699dBe5aec8FBe8238Db7dec0B282D21A3,5
0x293C17fC7282127Eb9889d0097598f0b5D18A80D,5
0x0cD531a9d84aDd797C57504fd06465b2b4044087,5
0x1377233eBEA823Ce45594a992eF18CCf17fd738B,5
0x035898cf638318134AF14C5210fB09380a8AB9eB,5
0x680174f64156Fb2d0A14EfcECE2BF1Ef857528F4,5
0x083AC30ac4354c09723BC5f66798ce1Ff3574407,5
0xC2b49C9285b3512a1Fd0B34AE616913F942b418f,5
0x257BE831636e26439cEabEF2714602C1932CD6fa,5
0xf72d8A10D18106A7f682AD1a70439a3602b098e6,5
0xa018e4DDcD7015926cDc173B11378BC32e7f46Ce,5
0x83F4D79Cf0d782801FA5B46418eDcBacEb787Dba,5
0xd740AF1cc28285D5f6607DB9E4D79BDc8B847D8e,5
0xaa19D28BfC0Db574Ac9Ea12B38C262413b20A795,5
0x4b8F1286efE07f4C4c33C07b3Fdc00Cd17764427,5
0xef76E7B7F1119439A44E1539a086B994568A793d,5
0x32B039872A4aF040567041785c4eE8e0A32f26aE,5
0x5D84F697913Ef039923A11d7622ccd4bD5eec4aA,5
0x6B0fb60E4b8F9E2905e66b8fe4F5d13d5Df6393f,5
0xfe7765EBdD3deEA1768Abd387a0911fa52D86714,5
0xbe04C8b2DdD7C2E724f1230B5C36525a738B738e,5
0xeE57CF63D0bdc679764afa4Ec20f9544D24d3cfb,5
0x528D1AEb49AdB6727aA68dD9685430BE879b1d7b,5
0x460DDa24FeB78AfB5dF87e708ffEC15aFbFe3185,5
0x41f920c153807bd3BC219D06a7aA0E3a80fd5b4a,5
0x50E061E42DdFD2c0297C69E1fc605882A68a46A3,5
0x74fDF85af29203050CA7098B5229b2682Cdc0C39,5
0xf26A36eBb9D67e78f8E11a0a0D645e096785f5ae,5
0xA160Bbd804de10117507d01638213880bA4486E2,5
0x69d77c62c7bc5EFEFa9C04fDe62BfCCdaDA76307,5
0x4b3Fd32E9c616cF36D398d974DBF2c0Ca6A4b52b,5
0xCFD9Ae3592cfdCFC5AF4F85cA9E6fD2F08c079Bc,5
0xB898CC0bdaeD0d4AA2F17224FEc13BEe2ef1CF9F,5
0xE377c0B6B1Fc6a2D132053AC7E8606E5eB538317,5
0x9756503a7D79d7389b934160e42829F709208070,5
0xC483593aBf0277bdc1f245186Fc53b6E4BD097F1,5
0x2d645856Ac88b4c950d02fb5a9F142e0587a62a9,5
0x73df8cBd716c30D75886bFbcf3F715974b4F8818,5
0x57E56EE610688e706EBBb2e01e50ec07ADA16d8b,5
0x54E392FBf6f7bcDA8930eFf3DB74E7AA2dA607A5,5
0x0A9A7E809f33AaDc438dfeDea169B27d65EaBF8C,5
0x88bF448D401734a0EA5112eCc0a3820130786Dd3,5
0x050a60f3062a330E313B6FcFA8FA9E1562D51c49,5
0x981308C97dE78FaC2eD287e32926820bc97cB323,5
0x3B4eB0EA3399c4b97649B8A4035E195bCFe2E165,5
0xf3Cec1B6bED0F16B1CB6A49Fe49e6e73d3cA74Af,5
0x9c9c25D96f4E157c84CB130Fb0e78216Cd708eB6,5
0x6Bb1c19fD85405eEC9D0Fc679698b39f4691137c,5
0xB8eB9C70936184DE8533676632DcC51dC62B7D29,5
0x3E157cd185E8291d0b555ff0b75ccBF58A5e5719,5
0x811e58B3D9159f6824Fd04226a36525AA2064e4f,5
0x67E63d19EC44C94352BC35420e32511cA1C2742F,5
0x59d3790257aa53691Ae0c22c55ad19c42F0DcdE6,5
0x63775EdC1aC337Ac322245EC04a1c1Fc6c33A243,5
0x3bC09664856F3052074eB49C920Ddf7b290554cC,5
0xf09F8E915A57489874Fb8e17417113218fb00cFb,5
0x011E0B3CC61881615ECeDe88C17bA7c8F5809841,5
0xF39fF09C84e9d9339eE91b9BAe0dbAC903c57b4b,5
0xc471179Bc595ad0F7DD94383058e6baD89cC6E3E,5
0xebF86100AE6E218B0B665Bd91612d077e29d2292,5
0x7CDABf99cbcd008Df3524c0df5c82C25F6e4012C,5
0x770b06B9006AA0a2fa309aE2758A529532fCFE01,5
0x898EF50e6236a2e7eeAf7D6C9bbC983BeF4cD232,5
0x36Da517f734c914D0CD6C9b7609304CFa84AFDc6,5
0xa7FC6e329e630867DD3F60142519c1041cD54247,5
0xB595c971548edE406deA60B12C81fFf752eF762E,5
0x3630280D0e343D8e87A907Ed05C4934B645CE711,5
0xdA90f0f7AfACC886E4443dB7F327B1e5c1f5F120,5
0x8A8ca5756c57F0D08BBEecB05138021B16DBFa9B,5
0xed10C38f3E8da22FDfb6c75f459F82D8F6317Cf0,5
0x6B1AB5025e079DBD7b8533B29fFdCEd87998589b,5
0xCfd1EF24BF6E8aEB106290180dC46cdaCd1C8d9d,5
0x344444ED62D198CF868f44DC0bC106068A9e3B0C,5
0x9BbeEc7F9Fc408CD40E21449f87ebfCb3088cE3b,5
0x7BC577D9682Acd1a8dd7De47498563EEa2A7108f,5
0x2A086535579a8fA2EDc9479f483A585F3ff25286,5
0x2e4Da4d746A5743Add0F2d99992fbB716902FAAb,5
0xb3C7d6DE1758664cDF0ced28aF8FC2e4220EeA26,5
0xda9523FCFB41551f8f2852f26c5aDBd0410B7F9F,5
0x977c471307Cd8bd31EA97fc0b71C995139801ce2,5
0x2CC045016B344D08080e3A5B5471EA4536221088,5
0x36E52bEeb2B6a071209B4a1479FF42ceA0515ed4,5
0xD48C25241569aC2B59106a55367E9bE2D3B01dEA,5
0x510bac7E51477421c12e52f3ed395D0E866030b4,5
0x3F60c7Bd1851B21F4af5D527115E0626694e5F36,5
0xfa682468407C57187484FB2c785feFEA6483dfC1,5
0xd6162462B6d29C603ADAAbC61d697C9DEa4a24fb,5
0xd891e7cDC8E93De8B8c16415160A52393fcf00f8,5
0x78A79329eDD7d5a4e6B801e8381DC382b790Bb85,5
0x33EB844bd3D22b319346962cd606c972F4C3dC4a,5
0x1BF3EC1A7F779F761F28c84f74488F88ad039a74,5
0x594373eC15Cd2b924F585E42FF403cf59397e77b,5
0xD4b79a3780B29e09d97d589B19Bd5777c26bd627,5
0xd813D108AcaFD806aB9Ae4505f19F62ec1601faA,5
0xa45665055A6De44016aB1FF2a9F29E4AE4bf4187,5
0xD3fcFd1bA107384e93B83aB8053D680b7F2dd666,5
0x0930953a72816A7f916A4176D1656509a7c8a590,5
0x7a8a62bd7f0Bb52eFf381Ed6A3506C9BC0eB15A9,5
0x8Ee0737481d160859BAF81aBBf26F8F76fF56d1F,5
0xB40Db5e1b54456611e7E8814Ec9f01aC460182d2,5
0xB4BC817Ac918e44B3b7c0Ae4736D4415e028ECEc,5
0xe3eaD866940b0Be066bdfED6AAD17ddeA0E17A26,5
0xD1d2bD8410f5eECE57e72aCA84bd61eC0EF0D631,5
0x3DAd0f16a8BF296b4EE26DcFd63B19E34e2fF37e,5
0x484aFA1Dd68D7adf1B171fd01dE41cD957cC5363,5
0xD0Db3C4Cb5426e58E93E609e90ce3a1c7Ac457cC,5
0xf47f9eA2E86a8d85Ea7328Df4E3553CB47370812,5
0x7B42E060934cFC55d4286c3104EFEAf83Ff8347D,6
0xEF89205Cd2Ffa7BCa46CdD54cBEBFf254426f100,6
0x4Fa2333aFd87F63F7d425a53ad3Cd03fdba7aD97,6
0xB8CBAaDE58a384C8Eba15df508d9e6f05E0bB8B5,6
0x27A12aA04520e86e67b957d048998bd60330f9E4,6
0x861cD418F0F51338f4D4f09CF3971F070F8Bc6A8,6
0xded5dE32CD620c25Fba3a3576FB3Fa34E03d4236,6
0xef275e0361402ccfBe0aF3F1A608ab27A554bC14,6
0x0009fAe7476Ed3D462054846276977Bc0f369f58,6
0xEdf72f7E7b6c2C02ff59f00a04ff28edd74918AD,6
0x9b5fb0E8b32ccfA46A9b09ccC0B353C3A22d1567,6
0xF4dEEE8d34DA7c9e9F44457Be0c841B60F0B169f,6
0xEe947b4355683f5DCDF5be2b3Da1Bed4d8E17b02,6
0xEf42aabf34863A97C0D320CEF8aD0586b839dCb2,6
0xaaC3F07Bed512fb8f9F75d16a0060A27a1468fCB,6
0x430AbEa5478D2203413Ef0378cc786e557e53CD7,6
0x6CF8fbF4F21a44e5a96959B3d2eEdd4849c0a5DC,6
0xe13Aa161eF04d6Ea5fBA9FD24b2986AC48BD160d,6
0x9Ee3C8Afd37Dd904529bfA6a45C64ff0e6388031,6
0x7E72a75C856B2e3F61eAe66a31f37d567E5850F6,6
0x06664851Fe4E71a1667D26D524Ab7896fe996d6e,6
0x14c49CA57938dcBdf17A29b998f0A69D8eefF21a,6
0xd839141622b7Ee7af6c11c2b27CbF163446c0614,6
0xe9983F2c4154187eC2eB66582aC8DAF9331967bC,6
0x4878e4C2Fc9D962E0a4909463370Bd62aa5b9216,6
0x0509bb3A39ba9e58b22Ac70b5dc5E154E9B42b0D,6
0x6Dd6F3e8C3d6786DaAce24109A1312343377e005,6
0x3a9765dfBf9656E6911b8BBF2B492cA64968E8E9,6
0xbf315AA0692E4568492f1C7BB14201196FfA4aa3,6
0x1B953dF1Cf8A0ebfa7950Ed36aedDf9FFbFF0534,6
0xFec3074CE15ad57144Ba2880170E9B9Fe322cD45,6
0xD2138B9604729a9BB50d91f1e52dB633e9A22Ed0,6
0x0E3c45E3425919bE76Eff5412614242EB18B770e,6
0xAa29b89929bC5b19b4DCeB6715Ec2827F742A09A,6
0x10A960a3deaaB16d5b1F5B2D48FdDAcE428c77B2,6
0xD5Ce3624051815D3B107a9c822D6427b6370206b,6
0x15E8D8CEe5d7677a05E3c7BdE35E86450631Df9f,6
0xA7f06DB5fFb82Ae4dd5BA2A83F85b29F33221300,6
0x12Cc849e56713ED7e723BcfdeC829349Ab3bD35e,6
0x45b933fa12D920c4509FcA5d24c99bf603fdB22b,6
0x86174633336BBa94CbBADD63E7D07D345664faDf,6
0xF5e8443408F3dd611Ac729B298581de75bA64db3,6
0x0AD1EEC5DeC17a24773E58db94DBB8e01353333B,6
0xB912DdA86524FAB21C8246841Ea7b8340cFcF177,6
0x8ddd8B901c4eecF63640e9F967B26D7C56E50583,6
0x98f6521abAC60B37abb83DdE0B833d64a64aeB33,6
0x308dEA54CfA7Ff8262884c1c2b41f3625217Ecd5,6
0x3F755Afa3419624F20Bf768Cc956F3a597Aab23b,6
0x29E6E1f45276C9c8262dd5e79CE0E86bbdd23CE2,6
0x813b81d8Bc2516fbD399887a6a52F32f20446E63,6
0xB0DE25213eE26FE6b885f01CE8E2DE220FB2Ab5a,6
0x40Be5B9d87C32D307254F039DcC8a9D005041290,6
0x717444aDD9d12D608563F8FFb0996A04c5Db363F,6
0x4fd3348489c82beF48b00bF374E634f519818c53,6
0x0A16db8A1473C421F2C3B608d4BC615Df10B5079,6
0xA31df795523940fB895b384469b39E712761A81c,6
0x0263deED31AA37AFB7c99cC32852F6E1087A70CC,6
0xd7CE50f412B6d4BDCe3aAc3876A97e3dc750E81A,6
0x99bD2048e89464CeD8570D65d4C419A795d61477,6
0xEb26Ccc29bb11199E07a558e733257AAb595eb37,6
0xD5bA0fF9ED649ac3f0a8a0d6A5374Ac1326c25CD,6
0x47a3800A2ddfBb1a45eEd304859Ff27dEab03b50,6
0xA75dC8Fa807fee89FAB3C00197a5A160956Fb085,6
0x718b746e4586e893aF450B8384e292c38769CE6C,6
0x7E4c4ACe1c391511D9a2AFbef1d24eBCb16CE95F,6
0x260A0FF999d217cD051dFD17A318714D242de89C,6
0x87f69D057E73953057167c3d96029C3B70A355eA,6
0x97BEd548270f07fD30808101f9b7908a1f5d7c8E,6
0x180aF762f622730B50fa842569Cbd7f8A2a670c4,6
0x3dd7300A1A3DBC0e2F6ee789bf40167905eF9E14,6
0x0b84049c881E26f245368E0010eFf3b1FA76c7ae,6
0xdB3504B62Eed74fFCe0229C513674b2e3F5Bc8B4,6
0x5682866e573f9B189156F10c79De996a098ca43D,6
0x7e599F1Ed8d490e3322547b2D7E893B07F12bBB4,6
0x7750963DB7B4c572E6279D7A7eC62734A6Dc1330,6
0xc1d3A62554E1DA7E9d276c95fB338C5e41760927,6
0xdD838dFEEeaeC8e0bF6D7F21cc1Ec6bFb1FB8105,6
0x3EB8A4eCB6A9910eb617EC6b18C584AFd2b2FACB,6
0x79Fb056B084E7CcB374192fdab736d2006696d7e,6
0x2726f8bD87F5A58f6e4998Cb94B3137E608527eF,6
0x72b98f38dfb2E6600b599c5B7F61E978BF12B5a6,6
0x4e813E2498Cace58f4818D2376C7c9c33Af4031f,6
0x1a27Ef648673f3D0B32d5fC3AFA45ED7144838b8,6
0x0f4b25F63E3C4407218bE8209ad4EdbdA63d1a4E,6
0x31a57231B282e6e05F1BDC8cC1260998F061397E,6
0x9631A44E19266C1361338BfF5cAB97590573bC67,6
0x5273cBCd2ae9b64D45447b456173aBea074D4045,6
0x62d095609860c75907E54b2E4053bd0A7152E9BF,6
0xAC454c71858f208316f5F59B4e8ff6680c50f608,6
0x14e9e996d9f8dDb8ec74B1CdCf9d7be2529E89F2,6
0x39e4ce905AaeE4aD4FEe7D4E70594E828aD243A1,6
0x9C2CCEF17c94C02216a5f3ab004C45A8646358E2,6
0x27160d98F2fEaC357C13bA91820233c5447D1cB1,6
0xd17945462C91C0b55B1347D4BfFD60e627F16C3A,6
0xAd1578118512A74258Badff3b696e82f75EDA15f,6
0xef5C46EF219387eA5804065C7210682BBeabaC95,6
0x347AAd45a40873656B144820afcD408987d3A28b,6
0xbfE01cE2e733f0E9d15f62f9e7626fD5d67Fa87c,6
0xf0194507421d85d0Ae35C2ec73005095492d262D,6
0x3411b82Df8345800b157FEb80a7007e0Acec7C45,6
0xEA5C2Fa42bC5838e500D0E875E5bFb15Dd6712bD,6
0x51F63c181b8Dc9Db86694Cfb857631d11ADD27B8,6
0x488A8019fD1EaECF3aC7Df128cfd8EC54F428fe4,6
0x483995EBeA09587eB3396A012bF299BC67c5A95a,6
0x729422853057B11ef25682c008BfdDaCdc2EcbF8,6
0xf86c62b7Ac7E3D8001b3D241C6d9c90B7DF367Fa,6
0x2f604234B9EEca35f90444450400e5f8E7a7E37b,6
0x0Cba24c5D26997A20F4FB88AA1f4D74b02D8ABf3,6
0xc87e159fDEF867d85741f5F6C92987ECe1f74E2c,6
0x19ad0A2e81d4C0d163e69B3F0EF37FC3D5208ED2,6
0x35827d04eE8ad7535701cb4723dEac52e4A4013b,6
0xC008C0aEF48e2b2bC6cEED0Dd96DAf2a45830897,6
0x0DC608b61c496e13644F9fE8E79e7Bf684CaeeEd,6
0x29fDf01b1aeED28EE704a3578186B233D15B5E8b,6
0x801f0b3aa2D02c0f2DaA0E7D4A177849FaF0CBb3,6
0x4026E456aD1a5490d3E903EC575951313da628f0,6
0xB31d422e8B3620395e1C44f77bB1151a0AEbf2E0,6
0x3984324a05CEc7F951335E6Eb42D71f2B060485e,6
0xeC614AE91f337cC9e0B209428dFc9d4f01d6259A,6
0xA262BbD2aa11b6785F19B027004e20755b512176,6
0xEBaa0eD35D43816E510053175bC897497f3BD115,6
0x06E428f9d13e5Dd51e75888c2F28eF173900Af4B,6
0x062BDF87CB26b5Cf9D312aaf455b125B68744bf5,6
0x87284E542f143dA539185cbAD39cba0001CA2124,6
0xE723c64D3414001c3Af314C88C298E11A51d7288,6
0xb9DbBb456e3f3Be8d7bdF1528261e4678e6Dd684,6
0x6C579965EEd7D794127D3A66360FCe888700f62c,6
0x7632a6Ea7A08066B01F139068EB56F0d0706E072,6
0xf96658eE69F598c1d33997ee95Fd385fB1EBf9D1,6
0x72E3eFe7948Fb2B1054E6BA323744FE90d1CBBa4,6
0x963ba979E25a829Fa71a7D4998bFC7Fcc69435dF,6
0xe0b631bc55b8Bc1FA108c3f556eE6a7a4D840b8e,6
0xB531e4B700901EB308b2be914972c7041C9744e6,6
0x5057A63Cfe70C0c99D0343C5AE60Ee9292bA51Be,6
0x8D0A1a74EbB831F5A45698fc1339bEd127e9bab3,6
0xa090fd0F9Cf3E7de73c55238a86e1c4A3fC391A9,6
0x64042C4bBf0402B666340ee4f364BA7BC5fD6e1e,6
0x149CD35026d80518400E92cfDA75F091bbe037D6,6
0x9B3117A6b7b3C7D94Ea0ccb597fF5C8E01EB7219,6
0xD1CcbAa74df92a602A3f8cDFdbe1a537Ea0A8b83,6
0x7303494658A13Fa5190D3c0DD15B7669D4276dE7,6
0x076Bffe523faCD92edF6D549ded668770C3f4c5D,6
0x2167CbC82B8Cf8043E2D110303de6AeEF3d79F92,6
0x9A58229B9Fce579D2253823022b48cbC7D7c6295,6
0xDF99d495863d60617543a8677dd0688827666Fb3,6
0x622d93A9474e30795942A37dC7Aa1a9f163A2213,6
0xf55CaB2ac24e9c4c0E6B61d4716cd5e8267696B4,6
0xeE0bbDeD6035A5Cf633fD0579C94e2A9ce348429,6
0x1F1675Dc7D3eF867884A66935cBd5104D86EfBd1,6
0x260dc9293280723723047d006bba65ebdE16C2B3,6
0xEbC178c318d764658f433530f4cDD1E45d9D2ee9,6
0xEf29B395c3C6dD7bF17d59509656854151726a49,6
0x930009E36D4C055fABD48f8d8987506e3f5De963,6
0x2adAbab686cff13C968a3317b9639720B419b75e,6
0xB73aaB6EA34fc7E8f5603f8ACd3f26BEf0328F2E,6
0x2B1cD871F2988b37dD795eCDC7B2D0e42976da2F,6
0x05842CDEa2AF05FBA8e318BD783b9778c06CebCe,6
0xACb3cEcFEefA80fa3803E53C762fE78f53e85E6A,6
0x5fe0B3255d2CCF7A10B277bC222E199508be44ee,6
0xF84fdccab6Be7F16Ae7133C93FE171107830aF9f,6
0x3663a0AE96158593A26FE00A3eCD51CE4BC08A42,6
0x1b24A5cb17e85cCc79aBeFE8556268275C9ea62F,6
0x96a06db9af895C00858c5AD9aD949F2704eEfcf1,6
0x2a1eE7F88e827B166d11f96ac0409EdfE782FA89,6
0x2D63477b826191D1292f675D7eA6D5814710f8D2,6
0x5111dD19B13b51Ba8527b98a50a30AeC36e533Fa,6
0xa25F0380eb8e1a58AE2CbE5eAC6F41c7926cF684,6
0xAf9b8abb070E936c818663bE49B23183433ef7E0,6
0xd615eE0A9dfAaC91beA927099da1Cf1b4D74BeC2,6
0x1196B2BcfC367b3D2fE64Dc0406B99cb63351caC,6
0x36D1A83602c93BE3871C3682f79cA38fa81cEB64,6
0x9d91b7CcE65df9FA2db716A07dB8f6E761e1fb06,6
0x5B7334A3B28f566Eb45281a9c00145dB24fE2D27,6
0xB2405141733932e8c57629ED058eAE08481fBe08,6
0x02d88814C9dd8ed43aA27e4a0cECa569544f041f,6
0x644141D0E92De7d31C2D4D4dB09e50db48d89C08,6
0xac7bf825260A122e561C686E172290f8EDc7E9b3,6
0xc4CE0b7bFCad301525a87B5FAE5a05de1aea5f2a,6
0x7BD0c0Ed68b52e57fC6acE16A5e482A399C32d14,6
0x0530FB12b4Bba5e382fb703DF4B9012ea5106c8C,6
0x14cC6e4f3b1A401457b6efbd043D74641eb1E74f,6
0xA72565d291f2e3E35bb1506516da04f2F180523C,6
0x5227B9D2943D50819CF7A110901A2b6625B01360,6
0x9e0535C10081fac9cC1019aBfa084f739748a03B,6
0xC7ebe7f0cee0248AD7CeB21e9F2FaFb9D0FD0F31,6
0x657d7Eb28c8A2bAa57d5F45ff464Bca1dD057dB4,6
0xe707B59374d4d88c5391828BAa29C72079273e3C,6
0x164D4F989d89644B630905f5f23CE2d448cC6a49,6
0xFfD60e5A0d12B031A467FAFd65590743Cfae3AC6,6
0x942d493Ee660B0f19b611e6E815ef9cd46e73B9B,6
0x06711693BBd0381863F018DF6395340774B6C5Ed,6
0x2Be85164aA15997FEd143E2c642A14FabAf64910,6
0x5D0DCa5BA613D1f5539b5aFad1923e3deD75De03,6
0xa1Fd8794171FB9979695C3EFF874A147c76198bc,6
0x9566707E1f067C525573f0061EBc028282A8d956,6
0x309e4408C9a77E323C1207c32B0eA1Dc344b9d7e,6
0xC4d18042a072E098d6D4d155B12124c6A8A03045,6
0xd1D7F959E6E98447b1ab76847Cf6Ca0F7C662874,6
0x75f8D852A13d02105C818629014c935fd9EC9676,6
0xf5135303DbC1E4B81f056C67f1e3355BF42EE0Fd,6
0xAa010Da3BcecE62Bb63D49071201Ec03bB5bA08b,6
0x9F32F35a02285857dD6480df4c5d8a775854266f,6
0x1D2909BBd9510bc7B063A23Ea32dB5b20e96d7d4,6
0x75Ec53D61BB00B44AECf3c5974B01077bC28218a,6
0xE4Df7CC570f4c2A95B713539Ce519f54e54FbA01,6
0xF11A07342F765198B6837682503cEfdbE0d9cF7b,6
0x368D807810943d5dF05324e8877cF2AfA0Bf7184,6
0x550a723884C72DbA43Cd55568bD51bB6E221E26A,6
0xf07581A694A92F20438Da32c68dc8fEA32e9A99A,6
0x15564d05a7738E8680f9362f59B2F8413B46689f,6
0x665b71f36D3E5e06ea93e5d461417fc29abcA650,6
0xA9Ab0F5266204Af655E98AE8aC5C4E09586A6b34,6
0x6331FEb64D9eFe001030f5F8b925A41e67E40ECE,6
0x287c0Ac04d58848C194A57AFBFAD1DCEf254fb74,6
0x0F5BDf870aa26f37c76C871F8df734E17E9e6C67,6
0xc8bD34787e419566191B56F2B0198F2e0BA3FeCF,6
0x45a76c6125d699fCfA9b070426CC48722643038e,6
0x97c252748D4CE7433Ec5d9fC37d06f2Ea5CFDCD6,6
0x6B278A2B988897EB29d52834CF09897f993b96D6,6
0x826511C24D138e6b539B410E3fCa5475151625DC,6
0x8a17C1bB516a0CBDB842Aa4201aDE2660a30d026,6
0x23a7a67c124ff8dEc6aCFECcec9a139638024f68,6
0xED1584E1A78E35a6E8DEc4464Aef98E1b8A8acfE,6
0x22D0E6ec850e1d123787d2F1b5097eC3084CB11a,6
0x266df9d397AD1C684e51454b4089df3071e571A2,6
0xDe5bB718906768d9cb4b213355f47025A642A073,6
0x7134A5f2EC4ae21AE69bA441b13dd104af8EdC62,6
0x20bfd10A3A6d8C945744A5a29457956Fd5309290,6
0x7977FEF0d809e51a400ca40cA2B9D719933187D3,6
0x84493662C333DAaE5f1C6Cacf92b8f841fbed978,6
0x4b9229eEe0223144b4a83dc38DAbAb6462c2B9f0,6
0x398ae0e7b1F6f95099C31204F25DD60b25348076,6
0x196F436ACF457686b12DCeB417697CB2F3186c3a,6
0xB760f4f266a72CE0c0958DdB51d0f4b298d373Bc,6
0xd9A8Ba65A700BD09E82454D3f43Fd3C76d24E9Cf,6
0xa317a4ecCe9E44865Bb7a7683B129Cf57e8E2618,6
0x408ed76eF002E1AA3F78169D36B29Cac86862708,6
0x3878d525Fa1FeB14A5D85B7322607E7342fDE302,6
0xdacbEbE489C9547904a114d89bDcF5E6D092BB3E,6
0xa8EF45286AF0fC8CAE911c7dC751C44685D2645C,6
0x6F17855B2e6Aaaa30bFEC7FE592AF1b8500B462d,6
0xCb468C24153a842dFa8923D2138789A05027d6B6,6
0xBC6eb25f80e790cAAEbA9ECcf8bcf976c34Cf440,6
0xE3CA101b857796C2D6Bb084Cf26f506159F25c46,6
0x453e0982c0E229F450ce47285193e572203bb0be,6
0xE0F92210685D3f600b4890515749B017045729fa,6
0x414FBA26a9A3F9a59e3524A19D43C39D5A857Df6,6
0x36723180F9Df34B445DfEf6a459C7384A5Dd917C,6
0x238915BFC1D52087ba966C4D5Ee005824b0C7BFd,6
0x98a3c1f93348E43BbddB34185e01648Aa7d6c811,6
0x215589cA7082CB6B7906B741fE5B9150d74AC551,6
0xd6533D06E6034DD2F9e8B9Dc434f38C8eAf8C159,6
0x4c485772CE445B6d7c48A23dfb8E38f99887dDf5,6
0x9a2AB5E34e6E7a3aa70D0FAd5c6A18d7ef1d0E36,6
0x65C8831EdD30a582f639Ed5ab243C2bBB918f6bA,6
0x493AEb03fF471e35a998624412d061d182a9336C,6
0x539E30Bb654F7cb5fE31439B039FEE91786bB8c4,6
0x68908826640861eDd433789F4CcB84765D9206F8,6
0x941d429B0A116F6f78B9e438e28804bA10Dc1b21,6
0x660CB614580E2f2d598f2115c8b9F96D96674c75,6
0x682a6CABd416D5b68A34B60dF5D0816ebAd9E078,6
0xCa97c38DFA59AD53597f53b8f07594BD0B9b44CC,6
0xF002AF7F30764b22638099F9D6DF5a6135B1aC7D,6
0x87747e99B6c7B0cF9439b89ccaE2Fe547520aC9F,6
0x9C3D2E9F3216E9557d81bfabffc3374F03f01E61,6
0x55089d1C8ef9fcC19b35CF79a08616092664D7D3,6
0x88e7c5E75987fBE43963839fD45FC1d8E7Cb0BA9,6
0xDfCBFB7a80b44b232e3267e0cEf712e2410015CA,6
0xAAb2af6001aC5A182d97E88Ab29bEF1c578edfcF,6
0x0b8fAdA8e237AF6330347b658FDb10E51c728A4c,6
0xcCEE38C6c80A27716e87F45c724FD1F9220DA116,6
0x1966073Ee2FED4b1317e8B08e414d0593542341E,6
0x301866A257F1FE7273E2F8c66C17aDD829c283C7,6
0x7A82dfb7153274a740A7f54F5062f0CA80C1a1b0,6
0xcba23D4eBAb57E7DE9F048bb75bb7ab336AB1034,6
0x75BbF5bC3059F441262A119e5e6db6E0734dFE95,6
0x884ae800E9323C26E66F5e8edB94Fe7b06a96A03,6
0x83c37301C9BafFa65DaEC52924Af933f7F743ea3,6
0x8931acE3841Ea2c71678fE70590641f1F9c978F3,6
0x450c8c30B4f3466473b2F1b99563FD2Fcc840523,6
0x42837146E8093A182cdaF067EF59e9F4DbFfa592,6
0x8fB4431Bf00284cAfaB24F598a20bd8E54B51bEa,6
0xEB2af5A155ee943464C6a3080cB055772481505A,6
0x578623B905eD40DDF7B62FA7cde01175D240286f,6
0x384BD9f28993718dCc07EE4e0a49Ceb69C59ECDB,6
0xcea3D5CA382813317bd8B953b307c8bF5E1Dfa73,6
0xF2dAE80892A11a415c45B0FDe0b76Af360a77a86,6
0x876afD0a7685a2A1eFDDA549550B310d75386BC8,6
0xD52575D90d60c3707C86f15fC65E24D7762b7C52,6
0xBC2F4D50E60Ded5527041AC94d8Df8DFe6A87fcC,6
0x656A1A2210525ee83AffC6cB19E6aB7DC99Ae52F,6
0x1818A02c9c208f6876858FFD0Af68B6a0FaABf93,6
0x0D8782bb634bE91134Cd1A3B1dAFe3C5CCf3a4f6,6
0xd73482A6b07eB6016c69f60C812eea40f6cad0d7,6
0xE602F2d9129c19dF1CfCBb2907D0CFcF16e43e7D,6
0x016552dB530B9e21dd34aF157335f410EB5EC750,6
0xeAA903CdB9fbFc18FdEe9C86bdE1BD3c835bAb7f,6
0xF9c513969b13DFfcAe331698C66Ec738707fe8fC,6
0xd98DC85653C80dD0Ddea538074B6443674B3AA39,6
0x790b9ef1E9dDfeA82F87FA29c488601942935D20,6
0x5e81B4Ba2C1F81d0F69C61F05E646b61D1ce4ba9,6
0x63C02e006a99d60c6072b92e64745BD207369Ce8,6
0x8B409B8b62150f4F082Cd61d2414DD64DBE60B49,6
0xC00F6432C86662befF96f52a5880A5B20B8756B8,6
0x3eE0Bc72057441b6a861c6F0551Be88937cD0a0C,6
0xcC08BAE38117B2fDf0f47D85FA222470B23a80f1,6
0x7e5EC271D886551C494f21D90Ef2a4620c6c8FaF,6
0x2b6961839c4CF7a333959dBffFCfF8B259d90ad6,6
0x57B193217A022f268d7Be1b37169250cd1a3df39,6
0x4188dF057D202BDC55340A8dDDcC17c08fc38805,6
0x227Ba0C296D3f8bAf36d88032E108ee25cFf395A,6
0x910f5C203Fa42A1b025D1e5Edf2eD841Ecd1346D,6
0x47443382F29163DBB96c33E1346442d348D2B0ab,6
0x37121d36208070AfCF5cbb8C57F694aC3cd9dB8d,6
0x3132Dae3fc5572a2645927E744Cecd06C5Bb8808,6
0x1EFC1Dc8f6f67B19f86819D58682E3A611270aB1,6
0x20d937dD3537b9B4e2596b4cA159d80B493cDC81,6
0xce8C9D829c4cB7799D681aCa78bdd31C4667F52a,6
0x89bB1391e2d6EF6BF43D653E9B687E9b83F2EEdD,6
0x370E0CF9E70E46D30c6f93DA54b7D6FF01626f71,6
0xB56CDDF90878D4eBD579e9114Cc9e3350DF2520C,6
0x7C5D41a54626eAeEc1cc8291aC6C398994330F6C,6
0xd958554D178D858aC8e431eaB129AB200B028D44,6
0x3D6D7a128d6ac7134d6B91D7892eBe812FD557DB,6
0x5fEca28749937F837b61D23aC549f1bF3dF13F45,6
0xEfa17dA5B1CB9adad0e72730AF9EA3882827A173,6
0x6433889f00E0a546805CB8359F9E10fBe1dFe339,6
0x5032E1DC66Be89608Ef16914bBC5e7A46D33d226,6
0xC96F6313b7DE7ae933d943803B04d12C84EC6e20,6
0x1291729Eb1D0A1196E6334c1235CAd3143D45830,6
0xafd576D5EF26F67149cC053BA678A9173Af58642,6
0x2535c9939AE4a03795dAE4221C6f5e31144851cA,6
0xe0234008042DBe6EDBc3371Bb66099125f8982a0,6
0x13006F6eF611bba8Bea52058bd1D02C2704037cF,6
0x091C5626911792Cd9ecB895b006A6FF4A5810d2d,6
0x5739A10c6469D8fAAABa6861849EEB1f3F4300D4,6
0x99413157336d6bcde5285f2E8d5b76a6c2A3f792,6
0xEA5406bDA7567aAfb1A157c4C73c515Eb7d39164,6
0x6Da247F776B0A1AB0874c17823dA8eFff70ffEaB,6
0x3Df31B8E5633D61ecA42342a5518F5585F148cd4,6
0x0EFc43262ec883A46928A737528d044Acba23B36,6
0x7C88CBaA1CFE162a42B2c6F16691f5e2f0bD082A,6
0x088892D13B622a7a1142239D8eA32e44e2Bd97A3,6
0x2f34c1B49a4b44c35d543346797D7bB6E43C118E,6
0x004372641Fbc3DC8672f5B698387296684320d59,6
0x0A97E9f7AE340553128830A13470017AB77BAaFC,6
0x0602fcafD282341676eC46081707fB2e9B053b66,6
0x1a2F7b3079840b6e98411F3A0118F5561a3c7eb5,6
0x38c7bE2EDA1b0FC15210593526cDdeaeDd7e5df4,6
0x78B48c3dC6549696343954F154c2a12577991515,6
0x396998B469359413c52E4F5B7A501c1178A793c4,6
0x220cA33791a14B9cD99059DB840B6cd4478Cb782,6
0x8D3493CCe2391531a0BE53636A728CcF460585E1,6
0xa9c009877E3295e8e7809B184bc6725EF233d514,6
0xF5C76D5e252e472980331EFa825C882E2934B940,6
0x81C429e43C8C9e6Bdc5b64127903EfacFa910E8c,6
0xEA493B35942CFf6b8c2Cb61cC2Ac3AEfc07a3C78,6
0x3Fa01F37DF196820258fa08050b85257D6Fe211F,6
0x9d97A1Aab1C9E02b577f9ff7188B283aB69D9218,6
0x0B418aEDf7feb9a68a0B57835dFD5E79E48797Fa,6
0x9Cc665cc071e6AD99B327205AD868117f58e8f41,6
0x9b202698Eb7E65c985816ef3C8FaF533564CB53F,6
0x9636b3B60d7bD0552363125E6169765F7E502b84,6
0x0EE5FD9960c19CbF86b2c88F0104fEcf74DC7755,6
0x9C5D362c285E93D2C26FfdaFA8820543DF7E3028,6
0x3cB74a8e461766EAB5cA0f62a601F74773D93A05,6
0x32e01Cf334aA6D14aAF572dd944E33DA5C477528,6
0xb2951742C7200d41c17745d8378EecB005C4B404,6
0x7d5B2Db613b9692a1aB39396a636F28DAD8d3078,6
0x61bDcfE01e1CB6F3e3d525F4C470547A9b5FD550,6
0x21Aaeec82819bB13f0Af3a62fF07eA5B3df1c8Df,6
0xdB7E14675841CebEEC5e0CF1a11dcC022B8ee55b,6
0x5A08E0Fc31DF15eda3d3A3343300a83A8a8c45a8,6
0xf0f30ED3E619A61744Ffadb861c0A9dC3A0cff31,6
0x3Fc5A8F852E84F6E76aD42701340FBC409BeF202,6
0xc95Ebf3F5Bd6594cCBf45ce3c9e2928e3ED36D69,6
0x00c0Fc71D60c00259bC51504335f5f0Bd54284CF,6
0xeC44DD5934f54AD21aE5c023f42873640383EF60,6
0xA150d87b4a2171000707AE366E221b6e9A571f06,6
0x476C256ebF752Cd23B4183aAdf05d097bD4603d5,6
0xCcCBE46BDC374bA5034ceb9FcF2EdB39d5037135,6
0xd0e681C4B5fCC6661BA4A7bFCD4E200c51Fc630B,6
0x1034697eE78d066e1173302480A6ac307EbEC207,6
0xd4998268a69048e9b27Edd20AfacE5fCDCdCA3Bb,6
0xb6e5eA7aeb5546C86970c2f7D08992EF2CFe987E,6
0xfa9fA85670b53230feb166a625323180ff34D8C4,6
0xE91717E2883F1615f5Db0D28a91EFDEc9f269612,6
0x1f90948Ae31941263d7ad6aFEE407065750Cb2E1,6
0x9E5DdDD25015A1646B8CD1539D4BF79E482213DC,6
0xB5da1d4B15ceE5876A60BE2e90e2B0118CeE6989,6
0x7Bb7d3f607C092370bA54404d58f2477f026Fa63,6
0xA1A4a6A7Ea9552F5D04D3F7B0D2bCc5E6B4B67EB,6
0xFBd4079c02ba43B79CbDf842d680bd23e0546100,6
0x3c54887C924e844Bc060148b167f593D345FE576,6
0xf9e6E17E873cc55b6368dA13923e9637A3357A70,6
0x72054A1B3c870a43c678C9Af6Ceb2cfe30FC99f1,6
0x71C4A6A86BF982E93dE24c27938493A0b4b4C5F5,6
0xc506525cA8aC8F28dD05Bd4c9CC20C8007675D7D,6
0x36477b6d1B58B81D7F3A89b15282E1Fdf47aA05b,6
0xca273bccF2E0072032F6Db547Ed84b8ea66347ab,6
0x691B8B2384bD3D2cFB0942D7c1991d5cc2D49997,6
0xb7eDedd833284a58A8d9f3E2652ca6312d1ea971,6
0xBE6fA9881CF7fBD9479ee248709c63ABd0596e48,6
0xF6b6CEf57E2D1d5a461bc0B10EC8619A28AaF378,6
0xD9C5060Bd5627280ec051943A52031dbFe1d09De,6
0xf3C279b0E7ef811AA92F609e39Ac7B4a6e68FF88,6
0xACCcec8788379936eeA4a611C58d8961B1FdE0f9,6
0xaDbDDF4EE45069f7fE7C0e9d86894cC08Dc18828,6
0xD45821357d12472e1A149A368d66d87BDbC97acD,6
0xe8e3Cd34DCc5f08D0c6BAE67AC2ec9099B67fFBd,6
0x3cEB5be55Aa9953CeDef63060dCB6b089d161bCb,6
0x9A0BF399272E73828C8164cA2Cc2898410b2A2aF,6
0xb02181A7672aB229bf1e1Ed48Aaab034Cb5D718a,6
0x14A874A74d01e14f140b36e149ECC239b5F3aE37,6
0x77893B466ef8B1201DC70a8ABFE9C6888DdDD275,6
0x1ac02D7b0752C7b457715162F0E2923c7740eA04,6
0xB5978c3c5889cD66b7BfeD75A91e3A246BB2b3b5,6
0x7e6D0acEF265c09B91AEE35E69B330011F0f8bAa,6
0x7E57aBBAD5a6240060fFB8A2ABFEFF7E4223E99a,6
0x498201322BeDB770cA5d0452FF4672c1Eb7A34ce,6
0x60f6A157700250Ff9554b16d6DbB1e739CC341A6,6
0x5914035870e46a22A0f05C2441d87E2F504f1C9A,6
0x72e8a51b159abA19C49afb0E68BcD21F1ffC581F,6
0x6332A34F682075c11bD70C34DF9925deF6b194A4,6
0x4A0C76217cf93488375F1EAF7eeaa3aA1F48fC80,6
0xA0dbE08ADaf3f320e2791494f94B3Cd0B20Cac53,6
0x730852D533116b65345135388b8F52837D346569,6
0x00D8c0799970Af7c65abd908a81Ba9F8c383AB57,6
0xE62e59F1F0d22183Eb8768Fad5b8E575649d08b9,6
0x75FEa52139225b0D16b697CE6949779e5f28C5b1,6
0x58f51BE15a3F9aE29D7294918da2bCCB9652b49e,6
0xE39a44a4b9d46a3B21023F1eef8C5970d9Ed0C2A,6
0x7fb1C219Bf85eC0DEf24db22bc887D7eB3d41304,6
0x6BFde7C03A18DcB7081Ee5bf609AF992c0c4912C,6
0x9d3ab5F4410c0D40cB15A03016EaC2c759c26De4,6
0x8D3e01A73Fb648F2995c5AAb20F7715FF8e8fE10,6
0x433a995914696C3d65BbA88df53663b7380f909A,6
0x6F2D997F33fD5FC5A69119427B30181f71747124,6
0xe63f6C9eE63507f49cA96ef2f231807115f15f86,6
0x9aa7FC92A4B6eC2836eec7D2b9a6E765E7772Afe,6
0xA65ABBd4F9eCF1ECB7DAa6B57A8d7c9f305135c0,6
0x5B7F79548C167150AF0709fD3EBe4853147e87Ad,6
0xE22fbDBB5eC30E1AfDe4Ad0ba809c7CcAe5eeDF3,6
0x53e0358B064f4487FB9B668a6Aadca85B7D95d29,6
0x813cF942C99688e89a47C895C31Ec0f088AbF79B,6
0xd0755eef4D37D0Fcc971092CBC33aB1a1189117a,6
0xe0bFFbcBE4ff33f6d5FbcD1Ca8E87707EdaBE5bC,6
0xa3BC1ab283308d50953A357A255699F019a8281A,6
0x9b0362e519f95c8fcC05FCEbcC7FF55e414abB31,6
0x2dD4cc1716fEc270d1A8520908a884EC094694ad,6
0x96b15Ed38E48BD947DB89807B75C87C2C1E060C7,6
0x09C9930ea94f8C01Ad7edbA2406B5B9d03B9A15d,6
0x1fBd40e4E7af467a2999e3586556044e2Cb161B2,6
0x823c061BbC8EE7E27B155e6951C05abfCf8a0CE6,6
0xf61a0696dd01EF29f97A500FC226ab9102aFc9B3,6
0x117857416d116D5591b4857a3814f025F3d89557,6
0x641cC3fc92605A11c9FF3e049972dbAB6473D7A2,6
0x2c714dE8C9D15fc4d1A2CC4a8E7eC509df82A3f4,6
0xD8f196192D15aEddF43E45B89B2E51801e06b4dc,6
0x7beBE3A31D7C5339fC100B783250B359ed6CB956,6
0xC3959AeDD1ED9D3636AE2D5FfE0dB267C9a1627a,6
0xE1428a49C0bDf407859Bcc54f42A03E19Cb147f2,6
0x70c945de9dF37D2caFd1b69c72087c7363cbC3a0,6
0xbcb8cf90EC140b363102ea353c5551ba8f351583,6
0xba7d60aAB5DE8A44f7D4838222e01D5b26011b1E,6
0x9D490480aC1c7a026Ae650AbDd72Aee151961652,6
0x447FbB76138fF76FEE80b34cee34D19d3e6a5138,6
0x71C348e9e241eAD11fB957Ed052c792af1C627B4,6
0x66801551673542f98a02bCD4Ae61f4394344e62F,6
0x1b2EAc418cBC80726802e915C7F28f3c58737803,6
0xfC5558bF5D9940c7158411c3255435da75182F18,6
0xa54A030607a4AAD7Ecdc6EBfe30DDa6Fc506Fbb4,6
0x1bEa21B3dA4f8729eF63d6d54C3272D0706E3554,6
0x89C92e76B856cBa6B3c47DF4f2Df4Fa4F877810C,6
0x4322782eb90eF5f1339e83cdDA06764094c9e7c7,6
0x28dA04458B5175013E64D7be1971b97da10E3653,6
0xfd1a08907dBde2B020c5BdFCB6a1F98E5c701531,6
0x2B7610a1673126D3D96D44e983C185085403EDeC,6
0x04a208204F3121A854D70901bAc5f609DddBCD47,6
0x3C5774597f82b1195e0afDc77CDD055E3e1F9a67,6
0x0bcb5e6396f66DD5Dd50F4D6be3290Cd40A97410,6
0x0f0D9C66B02F2b1272E006CA257071A0Da13533E,6
0xc347695c92e00eb68d8070BB06FEd4138f32B17d,6
0x21BdF9A8B7A373b0b649ceD0e3d1Ca328200ad23,6
0x7E094BEa2919C9E80Df99098bdA8cCEb0A7c4714,6
0x9F6b0e44B633a4aF5A49fF603202539713371393,6
0x1E35D274be8386368cf7EB07ac31bF44f7480eFc,6
0x958bdAC05CA35d99fA42925584282b334bf13562,6
0x42c41a3eEC081E7292B8b2498D649daD30F463e2,6
0x938173F17173FBEa130a6d63192b0ECB60a62126,6
0xAebb9FBe6B2022b17A95E3BA0d675741dCE48A4f,6
0x18a446e9542038761a792Db597130EF06895a397,6
0x2784dcD53d2288EA31548EE11Fa9deA98FA23e1C,6
0x0CfA2722B55E1837b9EE3FaeF3289c1842Bd116d,6
0x62c2B03c835d3eB26E473Be7b4a73406a95daaaF,6
0xE6a62b664f8350C1264F50f3352C16638E4C464E,6
0xCBb61971001B40712D9d62414980b7496056A044,6
0x19242CaC6Eb9e73c68615C3c93150cb2dA79e561,6
0x845B2503319D29104853C5470C9590a4452404a7,6
0x5cB2E814A05A3C076e5c7CD95f4F4e011Aa14670,6
